"Data Source","世界发展指标",

"Country Name","Country Code","Indicator Name","Indicator Code","1960","1961","1962","1963","1964","1965","1966","1967","1968","1969","1970","1971","1972","1973","1974","1975","1976","1977","1978","1979","1980","1981","1982","1983","1984","1985","1986","1987","1988","1989","1990","1991","1992","1993","1994","1995","1996","1997","1998","1999","2000","2001","2002","2003","2004","2005","2006","2007","2008","2009","2010","2011","2012","2013",
"阿鲁巴","ABW","艾滋病病毒感染率，男性（占15-24岁的百分比）","SH.HIV.1524.MA.ZS","","","","","","","","","","","","","","","","","","","","","","","","","","","","","","","","","","","","","","","","","","","","","","","","","","","","","","",
"安道尔共和国","AND","艾滋病病毒感染率，男性（占15-24岁的百分比）","SH.HIV.1524.MA.ZS","","","","","","","","","","","","","","","","","","","","","","","","","","","","","","","","","","","","","","","","","","","","","","","","","","","","","","",
"阿富汗","AFG","艾滋病病毒感染率，男性（占15-24岁的百分比）","SH.HIV.1524.MA.ZS","","","","","","","","","","","","","","","","","","","","","","","","","","","","","","","","","","","","","","","","","","","","","","","","","","","","","0.1","",
"安哥拉","AGO","艾滋病病毒感染率，男性（占15-24岁的百分比）","SH.HIV.1524.MA.ZS","","","","","","","","","","","","","","","","","","","","","","","","","","","","","","","","","","","","","","","","","","","","","","","","","","","","","0.6","",
"阿尔巴尼亚","ALB","艾滋病病毒感染率，男性（占15-24岁的百分比）","SH.HIV.1524.MA.ZS","","","","","","","","","","","","","","","","","","","","","","","","","","","","","","","","","","","","","","","","","","","","","","","","","","","","","","",
"阿拉伯联盟国家","ARB","艾滋病病毒感染率，男性（占15-24岁的百分比）","SH.HIV.1524.MA.ZS","","","","","","","","","","","","","","","","","","","","","","","","","","","","","","","","","","","","","","","","","","","","","","","","","","","","","","",
"阿拉伯联合酋长国","ARE","艾滋病病毒感染率，男性（占15-24岁的百分比）","SH.HIV.1524.MA.ZS","","","","","","","","","","","","","","","","","","","","","","","","","","","","","","","","","","","","","","","","","","","","","","","","","","","","","","",
"阿根廷","ARG","艾滋病病毒感染率，男性（占15-24岁的百分比）","SH.HIV.1524.MA.ZS","","","","","","","","","","","","","","","","","","","","","","","","","","","","","","","","","","","","","","","","","","","","","","","","","","","","","0.2","",
"亚美尼亚","ARM","艾滋病病毒感染率，男性（占15-24岁的百分比）","SH.HIV.1524.MA.ZS","","","","","","","","","","","","","","","","","","","","","","","","","","","","","","","","","","","","","","","","","","","","","","","","","","","","","0.1","",
"美属萨摩亚","ASM","艾滋病病毒感染率，男性（占15-24岁的百分比）","SH.HIV.1524.MA.ZS","","","","","","","","","","","","","","","","","","","","","","","","","","","","","","","","","","","","","","","","","","","","","","","","","","","","","","",
"安提瓜和巴布达","ATG","艾滋病病毒感染率，男性（占15-24岁的百分比）","SH.HIV.1524.MA.ZS","","","","","","","","","","","","","","","","","","","","","","","","","","","","","","","","","","","","","","","","","","","","","","","","","","","","","","",
"澳大利亚","AUS","艾滋病病毒感染率，男性（占15-24岁的百分比）","SH.HIV.1524.MA.ZS","","","","","","","","","","","","","","","","","","","","","","","","","","","","","","","","","","","","","","","","","","","","","","","","","","","","","","",
"奥地利","AUT","艾滋病病毒感染率，男性（占15-24岁的百分比）","SH.HIV.1524.MA.ZS","","","","","","","","","","","","","","","","","","","","","","","","","","","","","","","","","","","","","","","","","","","","","","","","","","","","","","",
"阿塞拜疆","AZE","艾滋病病毒感染率，男性（占15-24岁的百分比）","SH.HIV.1524.MA.ZS","","","","","","","","","","","","","","","","","","","","","","","","","","","","","","","","","","","","","","","","","","","","","","","","","","","","","0.2","",
"布隆迪","BDI","艾滋病病毒感染率，男性（占15-24岁的百分比）","SH.HIV.1524.MA.ZS","","","","","","","","","","","","","","","","","","","","","","","","","","","","","","","","","","","","","","","","","","","","","","","","","","","","","0.4","",
"比利时","BEL","艾滋病病毒感染率，男性（占15-24岁的百分比）","SH.HIV.1524.MA.ZS","","","","","","","","","","","","","","","","","","","","","","","","","","","","","","","","","","","","","","","","","","","","","","","","","","","","","","",
"贝宁","BEN","艾滋病病毒感染率，男性（占15-24岁的百分比）","SH.HIV.1524.MA.ZS","","","","","","","","","","","","","","","","","","","","","","","","","","","","","","","","","","","","","","","","","","","","","","","","","","","","","0.2","",
"布基纳法索","BFA","艾滋病病毒感染率，男性（占15-24岁的百分比）","SH.HIV.1524.MA.ZS","","","","","","","","","","","","","","","","","","","","","","","","","","","","","","","","","","","","","","","","","","","","","","","","","","","","","0.4","",
"孟加拉国","BGD","艾滋病病毒感染率，男性（占15-24岁的百分比）","SH.HIV.1524.MA.ZS","","","","","","","","","","","","","","","","","","","","","","","","","","","","","","","","","","","","","","","","","","","","","","","","","","","","","0.1","",
"保加利亚","BGR","艾滋病病毒感染率，男性（占15-24岁的百分比）","SH.HIV.1524.MA.ZS","","","","","","","","","","","","","","","","","","","","","","","","","","","","","","","","","","","","","","","","","","","","","","","","","","","","","","",
"巴林","BHR","艾滋病病毒感染率，男性（占15-24岁的百分比）","SH.HIV.1524.MA.ZS","","","","","","","","","","","","","","","","","","","","","","","","","","","","","","","","","","","","","","","","","","","","","","","","","","","","","","",
"巴哈马","BHS","艾滋病病毒感染率，男性（占15-24岁的百分比）","SH.HIV.1524.MA.ZS","","","","","","","","","","","","","","","","","","","","","","","","","","","","","","","","","","","","","","","","","","","","","","","","","","","","","1.3","",
"波斯尼亚和黑塞哥维那","BIH","艾滋病病毒感染率，男性（占15-24岁的百分比）","SH.HIV.1524.MA.ZS","","","","","","","","","","","","","","","","","","","","","","","","","","","","","","","","","","","","","","","","","","","","","","","","","","","","","","",
"白俄罗斯","BLR","艾滋病病毒感染率，男性（占15-24岁的百分比）","SH.HIV.1524.MA.ZS","","","","","","","","","","","","","","","","","","","","","","","","","","","","","","","","","","","","","","","","","","","","","","","","","","","","","0.3","",
"伯利兹","BLZ","艾滋病病毒感染率，男性（占15-24岁的百分比）","SH.HIV.1524.MA.ZS","","","","","","","","","","","","","","","","","","","","","","","","","","","","","","","","","","","","","","","","","","","","","","","","","","","","","0.5","",
"百慕大","BMU","艾滋病病毒感染率，男性（占15-24岁的百分比）","SH.HIV.1524.MA.ZS","","","","","","","","","","","","","","","","","","","","","","","","","","","","","","","","","","","","","","","","","","","","","","","","","","","","","","",
"玻利维亚","BOL","艾滋病病毒感染率，男性（占15-24岁的百分比）","SH.HIV.1524.MA.ZS","","","","","","","","","","","","","","","","","","","","","","","","","","","","","","","","","","","","","","","","","","","","","","","","","","","","","0.1","",
"巴西","BRA","艾滋病病毒感染率，男性（占15-24岁的百分比）","SH.HIV.1524.MA.ZS","","","","","","","","","","","","","","","","","","","","","","","","","","","","","","","","","","","","","","","","","","","","","","","","","","","","","","",
"巴巴多斯","BRB","艾滋病病毒感染率，男性（占15-24岁的百分比）","SH.HIV.1524.MA.ZS","","","","","","","","","","","","","","","","","","","","","","","","","","","","","","","","","","","","","","","","","","","","","","","","","","","","","0.4","",
"文莱达鲁萨兰国","BRN","艾滋病病毒感染率，男性（占15-24岁的百分比）","SH.HIV.1524.MA.ZS","","","","","","","","","","","","","","","","","","","","","","","","","","","","","","","","","","","","","","","","","","","","","","","","","","","","","","",
"不丹","BTN","艾滋病病毒感染率，男性（占15-24岁的百分比）","SH.HIV.1524.MA.ZS","","","","","","","","","","","","","","","","","","","","","","","","","","","","","","","","","","","","","","","","","","","","","","","","","","","","","0.1","",
"博茨瓦纳","BWA","艾滋病病毒感染率，男性（占15-24岁的百分比）","SH.HIV.1524.MA.ZS","","","","","","","","","","","","","","","","","","","","","","","","","","","","","","","","","","","","","","","","","","","","","","","","","","","","","3.7","",
"","CAA","艾滋病病毒感染率，男性（占15-24岁的百分比）","SH.HIV.1524.MA.ZS","","","","","","","","","","","","","","","","","","","","","","","","","","","","","","","","","","","","","","","","","","","","","","","","","","","","","","",
"中非共和国","CAF","艾滋病病毒感染率，男性（占15-24岁的百分比）","SH.HIV.1524.MA.ZS","","","","","","","","","","","","","","","","","","","","","","","","","","","","","","","","","","","","","","","","","","","","","","","","","","","","","","",
"加拿大","CAN","艾滋病病毒感染率，男性（占15-24岁的百分比）","SH.HIV.1524.MA.ZS","","","","","","","","","","","","","","","","","","","","","","","","","","","","","","","","","","","","","","","","","","","","","","","","","","","","","","",
"","CEA","艾滋病病毒感染率，男性（占15-24岁的百分比）","SH.HIV.1524.MA.ZS","","","","","","","","","","","","","","","","","","","","","","","","","","","","","","","","","","","","","","","","","","","","","","","","","","","","","","",
"","CEU","艾滋病病毒感染率，男性（占15-24岁的百分比）","SH.HIV.1524.MA.ZS","","","","","","","","","","","","","","","","","","","","","","","","","","","","","","","","","","","","","","","","","","","","","","","","","","","","","","",
"瑞士","CHE","艾滋病病毒感染率，男性（占15-24岁的百分比）","SH.HIV.1524.MA.ZS","","","","","","","","","","","","","","","","","","","","","","","","","","","","","","","","","","","","","","","","","","","","","","","","","","","","","","",
"海峡群岛","CHI","艾滋病病毒感染率，男性（占15-24岁的百分比）","SH.HIV.1524.MA.ZS","","","","","","","","","","","","","","","","","","","","","","","","","","","","","","","","","","","","","","","","","","","","","","","","","","","","","","",
"智利","CHL","艾滋病病毒感染率，男性（占15-24岁的百分比）","SH.HIV.1524.MA.ZS","","","","","","","","","","","","","","","","","","","","","","","","","","","","","","","","","","","","","","","","","","","","","","","","","","","","","0.2","",
"中国","CHN","艾滋病病毒感染率，男性（占15-24岁的百分比）","SH.HIV.1524.MA.ZS","","","","","","","","","","","","","","","","","","","","","","","","","","","","","","","","","","","","","","","","","","","","","","","","","","","","","","",
"科特迪瓦","CIV","艾滋病病毒感染率，男性（占15-24岁的百分比）","SH.HIV.1524.MA.ZS","","","","","","","","","","","","","","","","","","","","","","","","","","","","","","","","","","","","","","","","","","","","","","","","","","","","","0.7","",
"","CLA","艾滋病病毒感染率，男性（占15-24岁的百分比）","SH.HIV.1524.MA.ZS","","","","","","","","","","","","","","","","","","","","","","","","","","","","","","","","","","","","","","","","","","","","","","","","","","","","","","",
"","CME","艾滋病病毒感染率，男性（占15-24岁的百分比）","SH.HIV.1524.MA.ZS","","","","","","","","","","","","","","","","","","","","","","","","","","","","","","","","","","","","","","","","","","","","","","","","","","","","","","",
"喀麦隆","CMR","艾滋病病毒感染率，男性（占15-24岁的百分比）","SH.HIV.1524.MA.ZS","","","","","","","","","","","","","","","","","","","","","","","","","","","","","","","","","","","","","","","","","","","","","","","","","","","","","1","",
"刚果（布）","COG","艾滋病病毒感染率，男性（占15-24岁的百分比）","SH.HIV.1524.MA.ZS","","","","","","","","","","","","","","","","","","","","","","","","","","","","","","","","","","","","","","","","","","","","","","","","","","","","","0.8","",
"哥伦比亚","COL","艾滋病病毒感染率，男性（占15-24岁的百分比）","SH.HIV.1524.MA.ZS","","","","","","","","","","","","","","","","","","","","","","","","","","","","","","","","","","","","","","","","","","","","","","","","","","","","","0.3","",
"科摩罗","COM","艾滋病病毒感染率，男性（占15-24岁的百分比）","SH.HIV.1524.MA.ZS","","","","","","","","","","","","","","","","","","","","","","","","","","","","","","","","","","","","","","","","","","","","","","","","","","","","","2.8","",
"佛得角","CPV","艾滋病病毒感染率，男性（占15-24岁的百分比）","SH.HIV.1524.MA.ZS","","","","","","","","","","","","","","","","","","","","","","","","","","","","","","","","","","","","","","","","","","","","","","","","","","","","","0.1","",
"哥斯达黎加","CRI","艾滋病病毒感染率，男性（占15-24岁的百分比）","SH.HIV.1524.MA.ZS","","","","","","","","","","","","","","","","","","","","","","","","","","","","","","","","","","","","","","","","","","","","","","","","","","","","","0.1","",
"","CSA","艾滋病病毒感染率，男性（占15-24岁的百分比）","SH.HIV.1524.MA.ZS","","","","","","","","","","","","","","","","","","","","","","","","","","","","","","","","","","","","","","","","","","","","","","","","","","","","","","",
"加勒比小国","CSS","艾滋病病毒感染率，男性（占15-24岁的百分比）","SH.HIV.1524.MA.ZS","","","","","","","","","","","","","","","","","","","","","","","","","","","","","","","","","","","","","","","","","","","","","","","","","","","","","0.73511376684148","",
"古巴","CUB","艾滋病病毒感染率，男性（占15-24岁的百分比）","SH.HIV.1524.MA.ZS","","","","","","","","","","","","","","","","","","","","","","","","","","","","","","","","","","","","","","","","","","","","","","","","","","","","","0.1","",
"库拉索","CUW","艾滋病病毒感染率，男性（占15-24岁的百分比）","SH.HIV.1524.MA.ZS","","","","","","","","","","","","","","","","","","","","","","","","","","","","","","","","","","","","","","","","","","","","","","","","","","","","","","",
"开曼群岛","CYM","艾滋病病毒感染率，男性（占15-24岁的百分比）","SH.HIV.1524.MA.ZS","","","","","","","","","","","","","","","","","","","","","","","","","","","","","","","","","","","","","","","","","","","","","","","","","","","","","","",
"塞浦路斯","CYP","艾滋病病毒感染率，男性（占15-24岁的百分比）","SH.HIV.1524.MA.ZS","","","","","","","","","","","","","","","","","","","","","","","","","","","","","","","","","","","","","","","","","","","","","","","","","","","","","","",
"捷克共和国","CZE","艾滋病病毒感染率，男性（占15-24岁的百分比）","SH.HIV.1524.MA.ZS","","","","","","","","","","","","","","","","","","","","","","","","","","","","","","","","","","","","","","","","","","","","","","","","","","","","","","",
"德国","DEU","艾滋病病毒感染率，男性（占15-24岁的百分比）","SH.HIV.1524.MA.ZS","","","","","","","","","","","","","","","","","","","","","","","","","","","","","","","","","","","","","","","","","","","","","","","","","","","","","","",
"吉布提","DJI","艾滋病病毒感染率，男性（占15-24岁的百分比）","SH.HIV.1524.MA.ZS","","","","","","","","","","","","","","","","","","","","","","","","","","","","","","","","","","","","","","","","","","","","","","","","","","","","","0.2","",
"多米尼克","DMA","艾滋病病毒感染率，男性（占15-24岁的百分比）","SH.HIV.1524.MA.ZS","","","","","","","","","","","","","","","","","","","","","","","","","","","","","","","","","","","","","","","","","","","","","","","","","","","","","","",
"丹麦","DNK","艾滋病病毒感染率，男性（占15-24岁的百分比）","SH.HIV.1524.MA.ZS","","","","","","","","","","","","","","","","","","","","","","","","","","","","","","","","","","","","","","","","","","","","","","","","","","","","","","",
"多米尼加共和国","DOM","艾滋病病毒感染率，男性（占15-24岁的百分比）","SH.HIV.1524.MA.ZS","","","","","","","","","","","","","","","","","","","","","","","","","","","","","","","","","","","","","","","","","","","","","","","","","","","","","0.1","",
"阿尔及利亚","DZA","艾滋病病毒感染率，男性（占15-24岁的百分比）","SH.HIV.1524.MA.ZS","","","","","","","","","","","","","","","","","","","","","","","","","","","","","","","","","","","","","","","","","","","","","","","","","","","","","","",
"东亚与太平洋","EAP","艾滋病病毒感染率，男性（占15-24岁的百分比）","SH.HIV.1524.MA.ZS","","","","","","","","","","","","","","","","","","","","","","","","","","","","","","","","","","","","","","","","","","","","","","","","","","","","","","",
"东亚与太平洋地区（所有收入水平）","EAS","艾滋病病毒感染率，男性（占15-24岁的百分比）","SH.HIV.1524.MA.ZS","","","","","","","","","","","","","","","","","","","","","","","","","","","","","","","","","","","","","","","","","","","","","","","","","","","","","","",
"欧洲和中亚","ECA","艾滋病病毒感染率，男性（占15-24岁的百分比）","SH.HIV.1524.MA.ZS","","","","","","","","","","","","","","","","","","","","","","","","","","","","","","","","","","","","","","","","","","","","","","","","","","","","","","",
"欧洲与中亚地区（所有收入水平）","ECS","艾滋病病毒感染率，男性（占15-24岁的百分比）","SH.HIV.1524.MA.ZS","","","","","","","","","","","","","","","","","","","","","","","","","","","","","","","","","","","","","","","","","","","","","","","","","","","","","","",
"厄瓜多尔","ECU","艾滋病病毒感染率，男性（占15-24岁的百分比）","SH.HIV.1524.MA.ZS","","","","","","","","","","","","","","","","","","","","","","","","","","","","","","","","","","","","","","","","","","","","","","","","","","","","","0.4","",
"阿拉伯埃及共和国","EGY","艾滋病病毒感染率，男性（占15-24岁的百分比）","SH.HIV.1524.MA.ZS","","","","","","","","","","","","","","","","","","","","","","","","","","","","","","","","","","","","","","","","","","","","","","","","","","","","","0.1","",
"欧洲货币联盟","EMU","艾滋病病毒感染率，男性（占15-24岁的百分比）","SH.HIV.1524.MA.ZS","","","","","","","","","","","","","","","","","","","","","","","","","","","","","","","","","","","","","","","","","","","","","","","","","","","","","","",
"厄立特里亚","ERI","艾滋病病毒感染率，男性（占15-24岁的百分比）","SH.HIV.1524.MA.ZS","","","","","","","","","","","","","","","","","","","","","","","","","","","","","","","","","","","","","","","","","","","","","","","","","","","","","0.2","",
"西班牙","ESP","艾滋病病毒感染率，男性（占15-24岁的百分比）","SH.HIV.1524.MA.ZS","","","","","","","","","","","","","","","","","","","","","","","","","","","","","","","","","","","","","","","","","","","","","","","","","","","","","","",
"爱沙尼亚","EST","艾滋病病毒感染率，男性（占15-24岁的百分比）","SH.HIV.1524.MA.ZS","","","","","","","","","","","","","","","","","","","","","","","","","","","","","","","","","","","","","","","","","","","","","","","","","","","","","","",
"埃塞俄比亚","ETH","艾滋病病毒感染率，男性（占15-24岁的百分比）","SH.HIV.1524.MA.ZS","","","","","","","","","","","","","","","","","","","","","","","","","","","","","","","","","","","","","","","","","","","","","","","","","","","","","0.3","",
"欧洲联盟","EUU","艾滋病病毒感染率，男性（占15-24岁的百分比）","SH.HIV.1524.MA.ZS","","","","","","","","","","","","","","","","","","","","","","","","","","","","","","","","","","","","","","","","","","","","","","","","","","","","","","",
"芬兰","FIN","艾滋病病毒感染率，男性（占15-24岁的百分比）","SH.HIV.1524.MA.ZS","","","","","","","","","","","","","","","","","","","","","","","","","","","","","","","","","","","","","","","","","","","","","","","","","","","","","","",
"斐济","FJI","艾滋病病毒感染率，男性（占15-24岁的百分比）","SH.HIV.1524.MA.ZS","","","","","","","","","","","","","","","","","","","","","","","","","","","","","","","","","","","","","","","","","","","","","","","","","","","","","0.1","",
"法国","FRA","艾滋病病毒感染率，男性（占15-24岁的百分比）","SH.HIV.1524.MA.ZS","","","","","","","","","","","","","","","","","","","","","","","","","","","","","","","","","","","","","","","","","","","","","","","","","","","","","","",
"法罗群岛","FRO","艾滋病病毒感染率，男性（占15-24岁的百分比）","SH.HIV.1524.MA.ZS","","","","","","","","","","","","","","","","","","","","","","","","","","","","","","","","","","","","","","","","","","","","","","","","","","","","","","",
"密克罗尼西亚联邦","FSM","艾滋病病毒感染率，男性（占15-24岁的百分比）","SH.HIV.1524.MA.ZS","","","","","","","","","","","","","","","","","","","","","","","","","","","","","","","","","","","","","","","","","","","","","","","","","","","","","","",
"加蓬","GAB","艾滋病病毒感染率，男性（占15-24岁的百分比）","SH.HIV.1524.MA.ZS","","","","","","","","","","","","","","","","","","","","","","","","","","","","","","","","","","","","","","","","","","","","","","","","","","","","","0.4","",
"英国","GBR","艾滋病病毒感染率，男性（占15-24岁的百分比）","SH.HIV.1524.MA.ZS","","","","","","","","","","","","","","","","","","","","","","","","","","","","","","","","","","","","","","","","","","","","","","","","","","","","","","",
"格鲁吉亚","GEO","艾滋病病毒感染率，男性（占15-24岁的百分比）","SH.HIV.1524.MA.ZS","","","","","","","","","","","","","","","","","","","","","","","","","","","","","","","","","","","","","","","","","","","","","","","","","","","","","0.3","",
"加纳","GHA","艾滋病病毒感染率，男性（占15-24岁的百分比）","SH.HIV.1524.MA.ZS","","","","","","","","","","","","","","","","","","","","","","","","","","","","","","","","","","","","","","","","","","","","","","","","","","","","","0.3","",
"几内亚","GIN","艾滋病病毒感染率，男性（占15-24岁的百分比）","SH.HIV.1524.MA.ZS","","","","","","","","","","","","","","","","","","","","","","","","","","","","","","","","","","","","","","","","","","","","","","","","","","","","","0.4","",
"冈比亚","GMB","艾滋病病毒感染率，男性（占15-24岁的百分比）","SH.HIV.1524.MA.ZS","","","","","","","","","","","","","","","","","","","","","","","","","","","","","","","","","","","","","","","","","","","","","","","","","","","","","0.2","",
"几内亚比绍共和国","GNB","艾滋病病毒感染率，男性（占15-24岁的百分比）","SH.HIV.1524.MA.ZS","","","","","","","","","","","","","","","","","","","","","","","","","","","","","","","","","","","","","","","","","","","","","","","","","","","","","0.9","",
"赤道几内亚","GNQ","艾滋病病毒感染率，男性（占15-24岁的百分比）","SH.HIV.1524.MA.ZS","","","","","","","","","","","","","","","","","","","","","","","","","","","","","","","","","","","","","","","","","","","","","","","","","","","","","1.6","",
"希腊","GRC","艾滋病病毒感染率，男性（占15-24岁的百分比）","SH.HIV.1524.MA.ZS","","","","","","","","","","","","","","","","","","","","","","","","","","","","","","","","","","","","","","","","","","","","","","","","","","","","","","",
"格林纳达","GRD","艾滋病病毒感染率，男性（占15-24岁的百分比）","SH.HIV.1524.MA.ZS","","","","","","","","","","","","","","","","","","","","","","","","","","","","","","","","","","","","","","","","","","","","","","","","","","","","","","",
"格陵兰","GRL","艾滋病病毒感染率，男性（占15-24岁的百分比）","SH.HIV.1524.MA.ZS","","","","","","","","","","","","","","","","","","","","","","","","","","","","","","","","","","","","","","","","","","","","","","","","","","","","","","",
"危地马拉","GTM","艾滋病病毒感染率，男性（占15-24岁的百分比）","SH.HIV.1524.MA.ZS","","","","","","","","","","","","","","","","","","","","","","","","","","","","","","","","","","","","","","","","","","","","","","","","","","","","","0.3","",
"关岛","GUM","艾滋病病毒感染率，男性（占15-24岁的百分比）","SH.HIV.1524.MA.ZS","","","","","","","","","","","","","","","","","","","","","","","","","","","","","","","","","","","","","","","","","","","","","","","","","","","","","","",
"圭亚那","GUY","艾滋病病毒感染率，男性（占15-24岁的百分比）","SH.HIV.1524.MA.ZS","","","","","","","","","","","","","","","","","","","","","","","","","","","","","","","","","","","","","","","","","","","","","","","","","","","","","0.5","",
"高收入国家","HIC","艾滋病病毒感染率，男性（占15-24岁的百分比）","SH.HIV.1524.MA.ZS","","","","","","","","","","","","","","","","","","","","","","","","","","","","","","","","","","","","","","","","","","","","","","","","","","","","","","",
"中国香港特别行政区","HKG","艾滋病病毒感染率，男性（占15-24岁的百分比）","SH.HIV.1524.MA.ZS","","","","","","","","","","","","","","","","","","","","","","","","","","","","","","","","","","","","","","","","","","","","","","","","","","","","","","",
"洪都拉斯","HND","艾滋病病毒感染率，男性（占15-24岁的百分比）","SH.HIV.1524.MA.ZS","","","","","","","","","","","","","","","","","","","","","","","","","","","","","","","","","","","","","","","","","","","","","","","","","","","","","0.2","",
"重债穷国 (HIPC)","HPC","艾滋病病毒感染率，男性（占15-24岁的百分比）","SH.HIV.1524.MA.ZS","","","","","","","","","","","","","","","","","","","","","","","","","","","","","","","","","","","","","","","","","","","","","","","","","","","","","0.822108919174844","",
"克罗地亚","HRV","艾滋病病毒感染率，男性（占15-24岁的百分比）","SH.HIV.1524.MA.ZS","","","","","","","","","","","","","","","","","","","","","","","","","","","","","","","","","","","","","","","","","","","","","","","","","","","","","","",
"海地","HTI","艾滋病病毒感染率，男性（占15-24岁的百分比）","SH.HIV.1524.MA.ZS","","","","","","","","","","","","","","","","","","","","","","","","","","","","","","","","","","","","","","","","","","","","","","","","","","","","","0.6","",
"匈牙利","HUN","艾滋病病毒感染率，男性（占15-24岁的百分比）","SH.HIV.1524.MA.ZS","","","","","","","","","","","","","","","","","","","","","","","","","","","","","","","","","","","","","","","","","","","","","","","","","","","","","","",
"印度尼西亚","IDN","艾滋病病毒感染率，男性（占15-24岁的百分比）","SH.HIV.1524.MA.ZS","","","","","","","","","","","","","","","","","","","","","","","","","","","","","","","","","","","","","","","","","","","","","","","","","","","","","0.4","",
"马恩岛","IMN","艾滋病病毒感染率，男性（占15-24岁的百分比）","SH.HIV.1524.MA.ZS","","","","","","","","","","","","","","","","","","","","","","","","","","","","","","","","","","","","","","","","","","","","","","","","","","","","","","",
"印度","IND","艾滋病病毒感染率，男性（占15-24岁的百分比）","SH.HIV.1524.MA.ZS","","","","","","","","","","","","","","","","","","","","","","","","","","","","","","","","","","","","","","","","","","","","","","","","","","","","","0.1","",
"未分类国家","INX","艾滋病病毒感染率，男性（占15-24岁的百分比）","SH.HIV.1524.MA.ZS","","","","","","","","","","","","","","","","","","","","","","","","","","","","","","","","","","","","","","","","","","","","","","","","","","","","","","",
"爱尔兰","IRL","艾滋病病毒感染率，男性（占15-24岁的百分比）","SH.HIV.1524.MA.ZS","","","","","","","","","","","","","","","","","","","","","","","","","","","","","","","","","","","","","","","","","","","","","","","","","","","","","","",
"伊朗伊斯兰共和国","IRN","艾滋病病毒感染率，男性（占15-24岁的百分比）","SH.HIV.1524.MA.ZS","","","","","","","","","","","","","","","","","","","","","","","","","","","","","","","","","","","","","","","","","","","","","","","","","","","","","0.1","",
"伊拉克","IRQ","艾滋病病毒感染率，男性（占15-24岁的百分比）","SH.HIV.1524.MA.ZS","","","","","","","","","","","","","","","","","","","","","","","","","","","","","","","","","","","","","","","","","","","","","","","","","","","","","","",
"冰岛","ISL","艾滋病病毒感染率，男性（占15-24岁的百分比）","SH.HIV.1524.MA.ZS","","","","","","","","","","","","","","","","","","","","","","","","","","","","","","","","","","","","","","","","","","","","","","","","","","","","","","",
"以色列","ISR","艾滋病病毒感染率，男性（占15-24岁的百分比）","SH.HIV.1524.MA.ZS","","","","","","","","","","","","","","","","","","","","","","","","","","","","","","","","","","","","","","","","","","","","","","","","","","","","","","",
"意大利","ITA","艾滋病病毒感染率，男性（占15-24岁的百分比）","SH.HIV.1524.MA.ZS","","","","","","","","","","","","","","","","","","","","","","","","","","","","","","","","","","","","","","","","","","","","","","","","","","","","","","",
"牙买加","JAM","艾滋病病毒感染率，男性（占15-24岁的百分比）","SH.HIV.1524.MA.ZS","","","","","","","","","","","","","","","","","","","","","","","","","","","","","","","","","","","","","","","","","","","","","","","","","","","","","0.9","",
"约旦","JOR","艾滋病病毒感染率，男性（占15-24岁的百分比）","SH.HIV.1524.MA.ZS","","","","","","","","","","","","","","","","","","","","","","","","","","","","","","","","","","","","","","","","","","","","","","","","","","","","","","",
"日本","JPN","艾滋病病毒感染率，男性（占15-24岁的百分比）","SH.HIV.1524.MA.ZS","","","","","","","","","","","","","","","","","","","","","","","","","","","","","","","","","","","","","","","","","","","","","","","","","","","","","","",
"哈萨克斯坦","KAZ","艾滋病病毒感染率，男性（占15-24岁的百分比）","SH.HIV.1524.MA.ZS","","","","","","","","","","","","","","","","","","","","","","","","","","","","","","","","","","","","","","","","","","","","","","","","","","","","","","",
"肯尼亚","KEN","艾滋病病毒感染率，男性（占15-24岁的百分比）","SH.HIV.1524.MA.ZS","","","","","","","","","","","","","","","","","","","","","","","","","","","","","","","","","","","","","","","","","","","","","","","","","","","","","1.8","",
"吉尔吉斯斯坦","KGZ","艾滋病病毒感染率，男性（占15-24岁的百分比）","SH.HIV.1524.MA.ZS","","","","","","","","","","","","","","","","","","","","","","","","","","","","","","","","","","","","","","","","","","","","","","","","","","","","","0.2","",
"柬埔寨","KHM","艾滋病病毒感染率，男性（占15-24岁的百分比）","SH.HIV.1524.MA.ZS","","","","","","","","","","","","","","","","","","","","","","","","","","","","","","","","","","","","","","","","","","","","","","","","","","","","","0.2","",
"基里巴斯","KIR","艾滋病病毒感染率，男性（占15-24岁的百分比）","SH.HIV.1524.MA.ZS","","","","","","","","","","","","","","","","","","","","","","","","","","","","","","","","","","","","","","","","","","","","","","","","","","","","","","",
"圣基茨和尼维斯","KNA","艾滋病病毒感染率，男性（占15-24岁的百分比）","SH.HIV.1524.MA.ZS","","","","","","","","","","","","","","","","","","","","","","","","","","","","","","","","","","","","","","","","","","","","","","","","","","","","","","",
"大韩民国","KOR","艾滋病病毒感染率，男性（占15-24岁的百分比）","SH.HIV.1524.MA.ZS","","","","","","","","","","","","","","","","","","","","","","","","","","","","","","","","","","","","","","","","","","","","","","","","","","","","","","",
"科索沃","KSV","艾滋病病毒感染率，男性（占15-24岁的百分比）","SH.HIV.1524.MA.ZS","","","","","","","","","","","","","","","","","","","","","","","","","","","","","","","","","","","","","","","","","","","","","","","","","","","","","","",
"科威特","KWT","艾滋病病毒感染率，男性（占15-24岁的百分比）","SH.HIV.1524.MA.ZS","","","","","","","","","","","","","","","","","","","","","","","","","","","","","","","","","","","","","","","","","","","","","","","","","","","","","","",
"拉丁美洲&加勒比海地区","LAC","艾滋病病毒感染率，男性（占15-24岁的百分比）","SH.HIV.1524.MA.ZS","","","","","","","","","","","","","","","","","","","","","","","","","","","","","","","","","","","","","","","","","","","","","","","","","","","","","","",
"老挝","LAO","艾滋病病毒感染率，男性（占15-24岁的百分比）","SH.HIV.1524.MA.ZS","","","","","","","","","","","","","","","","","","","","","","","","","","","","","","","","","","","","","","","","","","","","","","","","","","","","","0.2","",
"黎巴嫩","LBN","艾滋病病毒感染率，男性（占15-24岁的百分比）","SH.HIV.1524.MA.ZS","","","","","","","","","","","","","","","","","","","","","","","","","","","","","","","","","","","","","","","","","","","","","","","","","","","","","","",
"利比里亚","LBR","艾滋病病毒感染率，男性（占15-24岁的百分比）","SH.HIV.1524.MA.ZS","","","","","","","","","","","","","","","","","","","","","","","","","","","","","","","","","","","","","","","","","","","","","","","","","","","","","0.1","",
"利比亚","LBY","艾滋病病毒感染率，男性（占15-24岁的百分比）","SH.HIV.1524.MA.ZS","","","","","","","","","","","","","","","","","","","","","","","","","","","","","","","","","","","","","","","","","","","","","","","","","","","","","","",
"圣卢西亚","LCA","艾滋病病毒感染率，男性（占15-24岁的百分比）","SH.HIV.1524.MA.ZS","","","","","","","","","","","","","","","","","","","","","","","","","","","","","","","","","","","","","","","","","","","","","","","","","","","","","","",
"拉丁美洲与加勒比海地区（所有收入水平）","LCN","艾滋病病毒感染率，男性（占15-24岁的百分比）","SH.HIV.1524.MA.ZS","","","","","","","","","","","","","","","","","","","","","","","","","","","","","","","","","","","","","","","","","","","","","","","","","","","","","","",
"最不发达国家：联合国分类","LDC","艾滋病病毒感染率，男性（占15-24岁的百分比）","SH.HIV.1524.MA.ZS","","","","","","","","","","","","","","","","","","","","","","","","","","","","","","","","","","","","","","","","","","","","","","","","","","","","","0.621615901631361","",
"低收入国家","LIC","艾滋病病毒感染率，男性（占15-24岁的百分比）","SH.HIV.1524.MA.ZS","","","","","","","","","","","","","","","","","","","","","","","","","","","","","","","","","","","","","","","","","","","","","","","","","","","","","0.708557430709786","",
"列支敦士登","LIE","艾滋病病毒感染率，男性（占15-24岁的百分比）","SH.HIV.1524.MA.ZS","","","","","","","","","","","","","","","","","","","","","","","","","","","","","","","","","","","","","","","","","","","","","","","","","","","","","","",
"斯里兰卡","LKA","艾滋病病毒感染率，男性（占15-24岁的百分比）","SH.HIV.1524.MA.ZS","","","","","","","","","","","","","","","","","","","","","","","","","","","","","","","","","","","","","","","","","","","","","","","","","","","","","0.1","",
"中低等收入国家","LMC","艾滋病病毒感染率，男性（占15-24岁的百分比）","SH.HIV.1524.MA.ZS","","","","","","","","","","","","","","","","","","","","","","","","","","","","","","","","","","","","","","","","","","","","","","","","","","","","","0.22829448795928","",
"中低收入国家","LMY","艾滋病病毒感染率，男性（占15-24岁的百分比）","SH.HIV.1524.MA.ZS","","","","","","","","","","","","","","","","","","","","","","","","","","","","","","","","","","","","","","","","","","","","","","","","","","","","","0.381646517269565","",
"莱索托","LSO","艾滋病病毒感染率，男性（占15-24岁的百分比）","SH.HIV.1524.MA.ZS","","","","","","","","","","","","","","","","","","","","","","","","","","","","","","","","","","","","","","","","","","","","","","","","","","","","","5.8","",
"立陶宛","LTU","艾滋病病毒感染率，男性（占15-24岁的百分比）","SH.HIV.1524.MA.ZS","","","","","","","","","","","","","","","","","","","","","","","","","","","","","","","","","","","","","","","","","","","","","","","","","","","","","","",
"卢森堡","LUX","艾滋病病毒感染率，男性（占15-24岁的百分比）","SH.HIV.1524.MA.ZS","","","","","","","","","","","","","","","","","","","","","","","","","","","","","","","","","","","","","","","","","","","","","","","","","","","","","","",
"拉脱维亚","LVA","艾滋病病毒感染率，男性（占15-24岁的百分比）","SH.HIV.1524.MA.ZS","","","","","","","","","","","","","","","","","","","","","","","","","","","","","","","","","","","","","","","","","","","","","","","","","","","","","","",
"中国澳门特别行政区","MAC","艾滋病病毒感染率，男性（占15-24岁的百分比）","SH.HIV.1524.MA.ZS","","","","","","","","","","","","","","","","","","","","","","","","","","","","","","","","","","","","","","","","","","","","","","","","","","","","","","",
"圣马丁（法属）","MAF","艾滋病病毒感染率，男性（占15-24岁的百分比）","SH.HIV.1524.MA.ZS","","","","","","","","","","","","","","","","","","","","","","","","","","","","","","","","","","","","","","","","","","","","","","","","","","","","","","",
"摩洛哥","MAR","艾滋病病毒感染率，男性（占15-24岁的百分比）","SH.HIV.1524.MA.ZS","","","","","","","","","","","","","","","","","","","","","","","","","","","","","","","","","","","","","","","","","","","","","","","","","","","","","0.1","",
"摩纳哥","MCO","艾滋病病毒感染率，男性（占15-24岁的百分比）","SH.HIV.1524.MA.ZS","","","","","","","","","","","","","","","","","","","","","","","","","","","","","","","","","","","","","","","","","","","","","","","","","","","","","","",
"摩尔多瓦","MDA","艾滋病病毒感染率，男性（占15-24岁的百分比）","SH.HIV.1524.MA.ZS","","","","","","","","","","","","","","","","","","","","","","","","","","","","","","","","","","","","","","","","","","","","","","","","","","","","","0.2","",
"马达加斯加","MDG","艾滋病病毒感染率，男性（占15-24岁的百分比）","SH.HIV.1524.MA.ZS","","","","","","","","","","","","","","","","","","","","","","","","","","","","","","","","","","","","","","","","","","","","","","","","","","","","","0.3","",
"马尔代夫","MDV","艾滋病病毒感染率，男性（占15-24岁的百分比）","SH.HIV.1524.MA.ZS","","","","","","","","","","","","","","","","","","","","","","","","","","","","","","","","","","","","","","","","","","","","","","","","","","","","","0.1","",
"中东与北非地区（所有收入水平）","MEA","艾滋病病毒感染率，男性（占15-24岁的百分比）","SH.HIV.1524.MA.ZS","","","","","","","","","","","","","","","","","","","","","","","","","","","","","","","","","","","","","","","","","","","","","","","","","","","","","","",
"墨西哥","MEX","艾滋病病毒感染率，男性（占15-24岁的百分比）","SH.HIV.1524.MA.ZS","","","","","","","","","","","","","","","","","","","","","","","","","","","","","","","","","","","","","","","","","","","","","","","","","","","","","0.1","",
"马绍尔群岛","MHL","艾滋病病毒感染率，男性（占15-24岁的百分比）","SH.HIV.1524.MA.ZS","","","","","","","","","","","","","","","","","","","","","","","","","","","","","","","","","","","","","","","","","","","","","","","","","","","","","","",
"中等收入国家","MIC","艾滋病病毒感染率，男性（占15-24岁的百分比）","SH.HIV.1524.MA.ZS","","","","","","","","","","","","","","","","","","","","","","","","","","","","","","","","","","","","","","","","","","","","","","","","","","","","","","",
"马其顿王国","MKD","艾滋病病毒感染率，男性（占15-24岁的百分比）","SH.HIV.1524.MA.ZS","","","","","","","","","","","","","","","","","","","","","","","","","","","","","","","","","","","","","","","","","","","","","","","","","","","","","","",
"马里","MLI","艾滋病病毒感染率，男性（占15-24岁的百分比）","SH.HIV.1524.MA.ZS","","","","","","","","","","","","","","","","","","","","","","","","","","","","","","","","","","","","","","","","","","","","","","","","","","","","","0.2","",
"马耳他","MLT","艾滋病病毒感染率，男性（占15-24岁的百分比）","SH.HIV.1524.MA.ZS","","","","","","","","","","","","","","","","","","","","","","","","","","","","","","","","","","","","","","","","","","","","","","","","","","","","","","",
"缅甸","MMR","艾滋病病毒感染率，男性（占15-24岁的百分比）","SH.HIV.1524.MA.ZS","","","","","","","","","","","","","","","","","","","","","","","","","","","","","","","","","","","","","","","","","","","","","","","","","","","","","0.1","",
"中东&北非","MNA","艾滋病病毒感染率，男性（占15-24岁的百分比）","SH.HIV.1524.MA.ZS","","","","","","","","","","","","","","","","","","","","","","","","","","","","","","","","","","","","","","","","","","","","","","","","","","","","","","",
"黑山","MNE","艾滋病病毒感染率，男性（占15-24岁的百分比）","SH.HIV.1524.MA.ZS","","","","","","","","","","","","","","","","","","","","","","","","","","","","","","","","","","","","","","","","","","","","","","","","","","","","","","",
"蒙古","MNG","艾滋病病毒感染率，男性（占15-24岁的百分比）","SH.HIV.1524.MA.ZS","","","","","","","","","","","","","","","","","","","","","","","","","","","","","","","","","","","","","","","","","","","","","","","","","","","","","0.1","",
"北马里亚纳群岛","MNP","艾滋病病毒感染率，男性（占15-24岁的百分比）","SH.HIV.1524.MA.ZS","","","","","","","","","","","","","","","","","","","","","","","","","","","","","","","","","","","","","","","","","","","","","","","","","","","","","","",
"莫桑比克","MOZ","艾滋病病毒感染率，男性（占15-24岁的百分比）","SH.HIV.1524.MA.ZS","","","","","","","","","","","","","","","","","","","","","","","","","","","","","","","","","","","","","","","","","","","","","","","","","","","","","2.8","",
"毛里塔尼亚","MRT","艾滋病病毒感染率，男性（占15-24岁的百分比）","SH.HIV.1524.MA.ZS","","","","","","","","","","","","","","","","","","","","","","","","","","","","","","","","","","","","","","","","","","","","","","","","","","","","","0.1","",
"毛里求斯","MUS","艾滋病病毒感染率，男性（占15-24岁的百分比）","SH.HIV.1524.MA.ZS","","","","","","","","","","","","","","","","","","","","","","","","","","","","","","","","","","","","","","","","","","","","","","","","","","","","","0.3","",
"马拉维","MWI","艾滋病病毒感染率，男性（占15-24岁的百分比）","SH.HIV.1524.MA.ZS","","","","","","","","","","","","","","","","","","","","","","","","","","","","","","","","","","","","","","","","","","","","","","","","","","","","","2.7","",
"马来西亚","MYS","艾滋病病毒感染率，男性（占15-24岁的百分比）","SH.HIV.1524.MA.ZS","","","","","","","","","","","","","","","","","","","","","","","","","","","","","","","","","","","","","","","","","","","","","","","","","","","","","0.1","",
"北美","NAC","艾滋病病毒感染率，男性（占15-24岁的百分比）","SH.HIV.1524.MA.ZS","","","","","","","","","","","","","","","","","","","","","","","","","","","","","","","","","","","","","","","","","","","","","","","","","","","","","","",
"纳米比亚","NAM","艾滋病病毒感染率，男性（占15-24岁的百分比）","SH.HIV.1524.MA.ZS","","","","","","","","","","","","","","","","","","","","","","","","","","","","","","","","","","","","","","","","","","","","","","","","","","","","","2.2","",
"新喀里多尼亚","NCL","艾滋病病毒感染率，男性（占15-24岁的百分比）","SH.HIV.1524.MA.ZS","","","","","","","","","","","","","","","","","","","","","","","","","","","","","","","","","","","","","","","","","","","","","","","","","","","","","","",
"尼日尔","NER","艾滋病病毒感染率，男性（占15-24岁的百分比）","SH.HIV.1524.MA.ZS","","","","","","","","","","","","","","","","","","","","","","","","","","","","","","","","","","","","","","","","","","","","","","","","","","","","","0.1","",
"尼日利亚","NGA","艾滋病病毒感染率，男性（占15-24岁的百分比）","SH.HIV.1524.MA.ZS","","","","","","","","","","","","","","","","","","","","","","","","","","","","","","","","","","","","","","","","","","","","","","","","","","","","","0.7","",
"尼加拉瓜","NIC","艾滋病病毒感染率，男性（占15-24岁的百分比）","SH.HIV.1524.MA.ZS","","","","","","","","","","","","","","","","","","","","","","","","","","","","","","","","","","","","","","","","","","","","","","","","","","","","","0.3","",
"荷兰","NLD","艾滋病病毒感染率，男性（占15-24岁的百分比）","SH.HIV.1524.MA.ZS","","","","","","","","","","","","","","","","","","","","","","","","","","","","","","","","","","","","","","","","","","","","","","","","","","","","","","",
"高收入非经合组织国家","NOC","艾滋病病毒感染率，男性（占15-24岁的百分比）","SH.HIV.1524.MA.ZS","","","","","","","","","","","","","","","","","","","","","","","","","","","","","","","","","","","","","","","","","","","","","","","","","","","","","","",
"挪威","NOR","艾滋病病毒感染率，男性（占15-24岁的百分比）","SH.HIV.1524.MA.ZS","","","","","","","","","","","","","","","","","","","","","","","","","","","","","","","","","","","","","","","","","","","","","","","","","","","","","","",
"尼泊尔","NPL","艾滋病病毒感染率，男性（占15-24岁的百分比）","SH.HIV.1524.MA.ZS","","","","","","","","","","","","","","","","","","","","","","","","","","","","","","","","","","","","","","","","","","","","","","","","","","","","","0.1","",
"新西兰","NZL","艾滋病病毒感染率，男性（占15-24岁的百分比）","SH.HIV.1524.MA.ZS","","","","","","","","","","","","","","","","","","","","","","","","","","","","","","","","","","","","","","","","","","","","","","","","","","","","","","",
"高收入经合组织国家","OEC","艾滋病病毒感染率，男性（占15-24岁的百分比）","SH.HIV.1524.MA.ZS","","","","","","","","","","","","","","","","","","","","","","","","","","","","","","","","","","","","","","","","","","","","","","","","","","","","","","",
"经合组织成员","OED","艾滋病病毒感染率，男性（占15-24岁的百分比）","SH.HIV.1524.MA.ZS","","","","","","","","","","","","","","","","","","","","","","","","","","","","","","","","","","","","","","","","","","","","","","","","","","","","","","",
"阿曼","OMN","艾滋病病毒感染率，男性（占15-24岁的百分比）","SH.HIV.1524.MA.ZS","","","","","","","","","","","","","","","","","","","","","","","","","","","","","","","","","","","","","","","","","","","","","","","","","","","","","","",
"其他小国","OSS","艾滋病病毒感染率，男性（占15-24岁的百分比）","SH.HIV.1524.MA.ZS","","","","","","","","","","","","","","","","","","","","","","","","","","","","","","","","","","","","","","","","","","","","","","","","","","","","","2.62029332468299","",
"巴基斯坦","PAK","艾滋病病毒感染率，男性（占15-24岁的百分比）","SH.HIV.1524.MA.ZS","","","","","","","","","","","","","","","","","","","","","","","","","","","","","","","","","","","","","","","","","","","","","","","","","","","","","0.1","",
"巴拿马","PAN","艾滋病病毒感染率，男性（占15-24岁的百分比）","SH.HIV.1524.MA.ZS","","","","","","","","","","","","","","","","","","","","","","","","","","","","","","","","","","","","","","","","","","","","","","","","","","","","","0.4","",
"秘鲁","PER","艾滋病病毒感染率，男性（占15-24岁的百分比）","SH.HIV.1524.MA.ZS","","","","","","","","","","","","","","","","","","","","","","","","","","","","","","","","","","","","","","","","","","","","","","","","","","","","","0.2","",
"菲律宾","PHL","艾滋病病毒感染率，男性（占15-24岁的百分比）","SH.HIV.1524.MA.ZS","","","","","","","","","","","","","","","","","","","","","","","","","","","","","","","","","","","","","","","","","","","","","","","","","","","","","0.1","",
"帕劳","PLW","艾滋病病毒感染率，男性（占15-24岁的百分比）","SH.HIV.1524.MA.ZS","","","","","","","","","","","","","","","","","","","","","","","","","","","","","","","","","","","","","","","","","","","","","","","","","","","","","","",
"巴布亚新几内亚","PNG","艾滋病病毒感染率，男性（占15-24岁的百分比）","SH.HIV.1524.MA.ZS","","","","","","","","","","","","","","","","","","","","","","","","","","","","","","","","","","","","","","","","","","","","","","","","","","","","","0.1","",
"波兰","POL","艾滋病病毒感染率，男性（占15-24岁的百分比）","SH.HIV.1524.MA.ZS","","","","","","","","","","","","","","","","","","","","","","","","","","","","","","","","","","","","","","","","","","","","","","","","","","","","","","",
"波多黎各","PRI","艾滋病病毒感染率，男性（占15-24岁的百分比）","SH.HIV.1524.MA.ZS","","","","","","","","","","","","","","","","","","","","","","","","","","","","","","","","","","","","","","","","","","","","","","","","","","","","","","",
"朝鲜民主主义人民共和国","PRK","艾滋病病毒感染率，男性（占15-24岁的百分比）","SH.HIV.1524.MA.ZS","","","","","","","","","","","","","","","","","","","","","","","","","","","","","","","","","","","","","","","","","","","","","","","","","","","","","","",
"葡萄牙","PRT","艾滋病病毒感染率，男性（占15-24岁的百分比）","SH.HIV.1524.MA.ZS","","","","","","","","","","","","","","","","","","","","","","","","","","","","","","","","","","","","","","","","","","","","","","","","","","","","","","",
"巴拉圭","PRY","艾滋病病毒感染率，男性（占15-24岁的百分比）","SH.HIV.1524.MA.ZS","","","","","","","","","","","","","","","","","","","","","","","","","","","","","","","","","","","","","","","","","","","","","","","","","","","","","0.2","",
"太平洋岛国","PSS","艾滋病病毒感染率，男性（占15-24岁的百分比）","SH.HIV.1524.MA.ZS","","","","","","","","","","","","","","","","","","","","","","","","","","","","","","","","","","","","","","","","","","","","","","","","","","","","","","",
"法属波利尼西亚","PYF","艾滋病病毒感染率，男性（占15-24岁的百分比）","SH.HIV.1524.MA.ZS","","","","","","","","","","","","","","","","","","","","","","","","","","","","","","","","","","","","","","","","","","","","","","","","","","","","","","",
"卡塔尔","QAT","艾滋病病毒感染率，男性（占15-24岁的百分比）","SH.HIV.1524.MA.ZS","","","","","","","","","","","","","","","","","","","","","","","","","","","","","","","","","","","","","","","","","","","","","","","","","","","","","","",
"罗马尼亚","ROU","艾滋病病毒感染率，男性（占15-24岁的百分比）","SH.HIV.1524.MA.ZS","","","","","","","","","","","","","","","","","","","","","","","","","","","","","","","","","","","","","","","","","","","","","","","","","","","","","","",
"俄罗斯联邦","RUS","艾滋病病毒感染率，男性（占15-24岁的百分比）","SH.HIV.1524.MA.ZS","","","","","","","","","","","","","","","","","","","","","","","","","","","","","","","","","","","","","","","","","","","","","","","","","","","","","","",
"卢旺达","RWA","艾滋病病毒感染率，男性（占15-24岁的百分比）","SH.HIV.1524.MA.ZS","","","","","","","","","","","","","","","","","","","","","","","","","","","","","","","","","","","","","","","","","","","","","","","","","","","","","1","",
"南亚","SAS","艾滋病病毒感染率，男性（占15-24岁的百分比）","SH.HIV.1524.MA.ZS","","","","","","","","","","","","","","","","","","","","","","","","","","","","","","","","","","","","","","","","","","","","","","","","","","","","","0.1","",
"沙特阿拉伯","SAU","艾滋病病毒感染率，男性（占15-24岁的百分比）","SH.HIV.1524.MA.ZS","","","","","","","","","","","","","","","","","","","","","","","","","","","","","","","","","","","","","","","","","","","","","","","","","","","","","","",
"苏丹","SDN","艾滋病病毒感染率，男性（占15-24岁的百分比）","SH.HIV.1524.MA.ZS","","","","","","","","","","","","","","","","","","","","","","","","","","","","","","","","","","","","","","","","","","","","","","","","","","","","","","",
"塞内加尔","SEN","艾滋病病毒感染率，男性（占15-24岁的百分比）","SH.HIV.1524.MA.ZS","","","","","","","","","","","","","","","","","","","","","","","","","","","","","","","","","","","","","","","","","","","","","","","","","","","","","0.1","",
"新加坡","SGP","艾滋病病毒感染率，男性（占15-24岁的百分比）","SH.HIV.1524.MA.ZS","","","","","","","","","","","","","","","","","","","","","","","","","","","","","","","","","","","","","","","","","","","","","","","","","","","","","","",
"所罗门群岛","SLB","艾滋病病毒感染率，男性（占15-24岁的百分比）","SH.HIV.1524.MA.ZS","","","","","","","","","","","","","","","","","","","","","","","","","","","","","","","","","","","","","","","","","","","","","","","","","","","","","","",
"塞拉利昂","SLE","艾滋病病毒感染率，男性（占15-24岁的百分比）","SH.HIV.1524.MA.ZS","","","","","","","","","","","","","","","","","","","","","","","","","","","","","","","","","","","","","","","","","","","","","","","","","","","","","0.3","",
"萨尔瓦多","SLV","艾滋病病毒感染率，男性（占15-24岁的百分比）","SH.HIV.1524.MA.ZS","","","","","","","","","","","","","","","","","","","","","","","","","","","","","","","","","","","","","","","","","","","","","","","","","","","","","0.3","",
"圣马力诺","SMR","艾滋病病毒感染率，男性（占15-24岁的百分比）","SH.HIV.1524.MA.ZS","","","","","","","","","","","","","","","","","","","","","","","","","","","","","","","","","","","","","","","","","","","","","","","","","","","","","","",
"索马里","SOM","艾滋病病毒感染率，男性（占15-24岁的百分比）","SH.HIV.1524.MA.ZS","","","","","","","","","","","","","","","","","","","","","","","","","","","","","","","","","","","","","","","","","","","","","","","","","","","","","0.2","",
"塞尔维亚","SRB","艾滋病病毒感染率，男性（占15-24岁的百分比）","SH.HIV.1524.MA.ZS","","","","","","","","","","","","","","","","","","","","","","","","","","","","","","","","","","","","","","","","","","","","","","","","","","","","","","",
"撒哈拉以南非洲","SSA","艾滋病病毒感染率，男性（占15-24岁的百分比）","SH.HIV.1524.MA.ZS","","","","","","","","","","","","","","","","","","","","","","","","","","","","","","","","","","","","","","","","","","","","","","","","","","","","","1.15712042757707","",
"南苏丹","SSD","艾滋病病毒感染率，男性（占15-24岁的百分比）","SH.HIV.1524.MA.ZS","","","","","","","","","","","","","","","","","","","","","","","","","","","","","","","","","","","","","","","","","","","","","","","","","","","","","0.6","",
"撒哈拉以南非洲地区（所有收入水平）","SSF","艾滋病病毒感染率，男性（占15-24岁的百分比）","SH.HIV.1524.MA.ZS","","","","","","","","","","","","","","","","","","","","","","","","","","","","","","","","","","","","","","","","","","","","","","","","","","","","","1.15748932180471","",
"小国","SST","艾滋病病毒感染率，男性（占15-24岁的百分比）","SH.HIV.1524.MA.ZS","","","","","","","","","","","","","","","","","","","","","","","","","","","","","","","","","","","","","","","","","","","","","","","","","","","","","2.12065337384481","",
"圣多美和普林西比","STP","艾滋病病毒感染率，男性（占15-24岁的百分比）","SH.HIV.1524.MA.ZS","","","","","","","","","","","","","","","","","","","","","","","","","","","","","","","","","","","","","","","","","","","","","","","","","","","","","0.3","",
"苏里南","SUR","艾滋病病毒感染率，男性（占15-24岁的百分比）","SH.HIV.1524.MA.ZS","","","","","","","","","","","","","","","","","","","","","","","","","","","","","","","","","","","","","","","","","","","","","","","","","","","","","0.4","",
"斯洛伐克共和国","SVK","艾滋病病毒感染率，男性（占15-24岁的百分比）","SH.HIV.1524.MA.ZS","","","","","","","","","","","","","","","","","","","","","","","","","","","","","","","","","","","","","","","","","","","","","","","","","","","","","","",
"斯洛文尼亚","SVN","艾滋病病毒感染率，男性（占15-24岁的百分比）","SH.HIV.1524.MA.ZS","","","","","","","","","","","","","","","","","","","","","","","","","","","","","","","","","","","","","","","","","","","","","","","","","","","","","","",
"瑞典","SWE","艾滋病病毒感染率，男性（占15-24岁的百分比）","SH.HIV.1524.MA.ZS","","","","","","","","","","","","","","","","","","","","","","","","","","","","","","","","","","","","","","","","","","","","","","","","","","","","","","",
"斯威士兰","SWZ","艾滋病病毒感染率，男性（占15-24岁的百分比）","SH.HIV.1524.MA.ZS","","","","","","","","","","","","","","","","","","","","","","","","","","","","","","","","","","","","","","","","","","","","","","","","","","","","","10.3","",
"圣马丁(荷属)","SXM","艾滋病病毒感染率，男性（占15-24岁的百分比）","SH.HIV.1524.MA.ZS","","","","","","","","","","","","","","","","","","","","","","","","","","","","","","","","","","","","","","","","","","","","","","","","","","","","","","",
"塞舌尔","SYC","艾滋病病毒感染率，男性（占15-24岁的百分比）","SH.HIV.1524.MA.ZS","","","","","","","","","","","","","","","","","","","","","","","","","","","","","","","","","","","","","","","","","","","","","","","","","","","","","","",
"阿拉伯叙利亚共和国","SYR","艾滋病病毒感染率，男性（占15-24岁的百分比）","SH.HIV.1524.MA.ZS","","","","","","","","","","","","","","","","","","","","","","","","","","","","","","","","","","","","","","","","","","","","","","","","","","","","","","",
"特克斯科斯群岛","TCA","艾滋病病毒感染率，男性（占15-24岁的百分比）","SH.HIV.1524.MA.ZS","","","","","","","","","","","","","","","","","","","","","","","","","","","","","","","","","","","","","","","","","","","","","","","","","","","","","","",
"乍得","TCD","艾滋病病毒感染率，男性（占15-24岁的百分比）","SH.HIV.1524.MA.ZS","","","","","","","","","","","","","","","","","","","","","","","","","","","","","","","","","","","","","","","","","","","","","","","","","","","","","0.6","",
"多哥","TGO","艾滋病病毒感染率，男性（占15-24岁的百分比）","SH.HIV.1524.MA.ZS","","","","","","","","","","","","","","","","","","","","","","","","","","","","","","","","","","","","","","","","","","","","","","","","","","","","","0.5","",
"泰国","THA","艾滋病病毒感染率，男性（占15-24岁的百分比）","SH.HIV.1524.MA.ZS","","","","","","","","","","","","","","","","","","","","","","","","","","","","","","","","","","","","","","","","","","","","","","","","","","","","","0.3","",
"塔吉克斯坦","TJK","艾滋病病毒感染率，男性（占15-24岁的百分比）","SH.HIV.1524.MA.ZS","","","","","","","","","","","","","","","","","","","","","","","","","","","","","","","","","","","","","","","","","","","","","","","","","","","","","0.1","",
"土库曼斯坦","TKM","艾滋病病毒感染率，男性（占15-24岁的百分比）","SH.HIV.1524.MA.ZS","","","","","","","","","","","","","","","","","","","","","","","","","","","","","","","","","","","","","","","","","","","","","","","","","","","","","","",
"东帝汶","TLS","艾滋病病毒感染率，男性（占15-24岁的百分比）","SH.HIV.1524.MA.ZS","","","","","","","","","","","","","","","","","","","","","","","","","","","","","","","","","","","","","","","","","","","","","","","","","","","","","","",
"汤加","TON","艾滋病病毒感染率，男性（占15-24岁的百分比）","SH.HIV.1524.MA.ZS","","","","","","","","","","","","","","","","","","","","","","","","","","","","","","","","","","","","","","","","","","","","","","","","","","","","","","",
"特立尼达和多巴哥","TTO","艾滋病病毒感染率，男性（占15-24岁的百分比）","SH.HIV.1524.MA.ZS","","","","","","","","","","","","","","","","","","","","","","","","","","","","","","","","","","","","","","","","","","","","","","","","","","","","","0.6","",
"突尼斯","TUN","艾滋病病毒感染率，男性（占15-24岁的百分比）","SH.HIV.1524.MA.ZS","","","","","","","","","","","","","","","","","","","","","","","","","","","","","","","","","","","","","","","","","","","","","","","","","","","","","0.1","",
"土耳其","TUR","艾滋病病毒感染率，男性（占15-24岁的百分比）","SH.HIV.1524.MA.ZS","","","","","","","","","","","","","","","","","","","","","","","","","","","","","","","","","","","","","","","","","","","","","","","","","","","","","","",
"图瓦卢","TUV","艾滋病病毒感染率，男性（占15-24岁的百分比）","SH.HIV.1524.MA.ZS","","","","","","","","","","","","","","","","","","","","","","","","","","","","","","","","","","","","","","","","","","","","","","","","","","","","","","",
"坦桑尼亚","TZA","艾滋病病毒感染率，男性（占15-24岁的百分比）","SH.HIV.1524.MA.ZS","","","","","","","","","","","","","","","","","","","","","","","","","","","","","","","","","","","","","","","","","","","","","","","","","","","","","1.8","",
"乌干达","UGA","艾滋病病毒感染率，男性（占15-24岁的百分比）","SH.HIV.1524.MA.ZS","","","","","","","","","","","","","","","","","","","","","","","","","","","","","","","","","","","","","","","","","","","","","","","","","","","","","2.3","",
"乌克兰","UKR","艾滋病病毒感染率，男性（占15-24岁的百分比）","SH.HIV.1524.MA.ZS","","","","","","","","","","","","","","","","","","","","","","","","","","","","","","","","","","","","","","","","","","","","","","","","","","","","","0.4","",
"中高等收入国家","UMC","艾滋病病毒感染率，男性（占15-24岁的百分比）","SH.HIV.1524.MA.ZS","","","","","","","","","","","","","","","","","","","","","","","","","","","","","","","","","","","","","","","","","","","","","","","","","","","","","","",
"乌拉圭","URY","艾滋病病毒感染率，男性（占15-24岁的百分比）","SH.HIV.1524.MA.ZS","","","","","","","","","","","","","","","","","","","","","","","","","","","","","","","","","","","","","","","","","","","","","","","","","","","","","0.5","",
"美国","USA","艾滋病病毒感染率，男性（占15-24岁的百分比）","SH.HIV.1524.MA.ZS","","","","","","","","","","","","","","","","","","","","","","","","","","","","","","","","","","","","","","","","","","","","","","","","","","","","","","",
"乌兹别克斯坦","UZB","艾滋病病毒感染率，男性（占15-24岁的百分比）","SH.HIV.1524.MA.ZS","","","","","","","","","","","","","","","","","","","","","","","","","","","","","","","","","","","","","","","","","","","","","","","","","","","","","0.1","",
"圣文森特和格林纳丁斯","VCT","艾滋病病毒感染率，男性（占15-24岁的百分比）","SH.HIV.1524.MA.ZS","","","","","","","","","","","","","","","","","","","","","","","","","","","","","","","","","","","","","","","","","","","","","","","","","","","","","","",
"委内瑞拉玻利瓦尔共和国","VEN","艾滋病病毒感染率，男性（占15-24岁的百分比）","SH.HIV.1524.MA.ZS","","","","","","","","","","","","","","","","","","","","","","","","","","","","","","","","","","","","","","","","","","","","","","","","","","","","","0.3","",
"美属维京群岛","VIR","艾滋病病毒感染率，男性（占15-24岁的百分比）","SH.HIV.1524.MA.ZS","","","","","","","","","","","","","","","","","","","","","","","","","","","","","","","","","","","","","","","","","","","","","","","","","","","","","","",
"越南","VNM","艾滋病病毒感染率，男性（占15-24岁的百分比）","SH.HIV.1524.MA.ZS","","","","","","","","","","","","","","","","","","","","","","","","","","","","","","","","","","","","","","","","","","","","","","","","","","","","","0.2","",
"瓦努阿图","VUT","艾滋病病毒感染率，男性（占15-24岁的百分比）","SH.HIV.1524.MA.ZS","","","","","","","","","","","","","","","","","","","","","","","","","","","","","","","","","","","","","","","","","","","","","","","","","","","","","","",
"约旦河西岸和加沙","PSE","艾滋病病毒感染率，男性（占15-24岁的百分比）","SH.HIV.1524.MA.ZS","","","","","","","","","","","","","","","","","","","","","","","","","","","","","","","","","","","","","","","","","","","","","","","","","","","","","","",
"世界","WLD","艾滋病病毒感染率，男性（占15-24岁的百分比）","SH.HIV.1524.MA.ZS","","","","","","","","","","","","","","","","","","","","","","","","","","","","","","","","","","","","","","","","","","","","","","","","","","","","","0.3","",
"萨摩亚","WSM","艾滋病病毒感染率，男性（占15-24岁的百分比）","SH.HIV.1524.MA.ZS","","","","","","","","","","","","","","","","","","","","","","","","","","","","","","","","","","","","","","","","","","","","","","","","","","","","","","",
"也门共和国","YEM","艾滋病病毒感染率，男性（占15-24岁的百分比）","SH.HIV.1524.MA.ZS","","","","","","","","","","","","","","","","","","","","","","","","","","","","","","","","","","","","","","","","","","","","","","","","","","","","","0.1","",
"南非","ZAF","艾滋病病毒感染率，男性（占15-24岁的百分比）","SH.HIV.1524.MA.ZS","","","","","","","","","","","","","","","","","","","","","","","","","","","","","","","","","","","","","","","","","","","","","","","","","","","","","3.9","",
"刚果（金）","COD","艾滋病病毒感染率，男性（占15-24岁的百分比）","SH.HIV.1524.MA.ZS","","","","","","","","","","","","","","","","","","","","","","","","","","","","","","","","","","","","","","","","","","","","","","","","","","","","","0.4","",
"赞比亚","ZMB","艾滋病病毒感染率，男性（占15-24岁的百分比）","SH.HIV.1524.MA.ZS","","","","","","","","","","","","","","","","","","","","","","","","","","","","","","","","","","","","","","","","","","","","","","","","","","","","","3.5","",
"津巴布韦","ZWE","艾滋病病毒感染率，男性（占15-24岁的百分比）","SH.HIV.1524.MA.ZS","","","","","","","","","","","","","","","","","","","","","","","","","","","","","","","","","","","","","","","","","","","","","","","","","","","","","3.9","",
